timestamp,process_id,thread_id,log_level,message,message_length,is_error,anomaly_score
1900-03-17 16:13:38.811,1702,2395,D,"WindowManager: printFreezingDisplayLogsopening app wtoken = AppWindowToken{9f4ef63 token=Token{a64f992 ActivityRecord{de9231d u0 com.tencent.qt.qtl/.activity.info.NewsDetailXmlActivity t761}}}, allDrawn= false, startingDisplayed =  false, startingMoved =  false, isRelaunching =  false",285,0,-1
1900-03-17 16:13:38.819,1702,8671,D,"PowerManagerService: acquire lock=233570404, flags=0x1, tag=""View Lock"", name=com.android.systemui, ws=null, uid=10037, pid=2227",128,0,-1
1900-03-17 16:13:38.905,1702,10454,D,"PowerManagerService: release:lock=233570404, flg=0x0, tag=""View Lock"", name=com.android.systemui"", ws=null, uid=10037, pid=2227",127,0,-1
1900-03-17 16:13:38.954,2227,2227,I,"PhoneStatusBar: setSystemUiVisibility vis=40000500 mask=ffffffff oldVal=508 newVal=40000500 diff=40000008 fullscreenStackVis=0 dockedStackVis=0, fullscreenStackBounds=Rect(0, 0 - 720, 1280), dockedStackBounds=Rect(0, 0 - 0, 0)",226,0,-1
1900-03-17 16:13:38.994,1702,27365,I,WindowManager: Destroying surface Surface(name=SurfaceView - com.tencent.qt.qtl/com.tencent.video.player.activity.PlayerActivity) called by com.android.server.wm.WindowStateAnimator.destroyDeferredSurfaceLocked:942 com.android.server.wm.WindowManagerService.performDeferredDestroyWindow:3407 com.android.server.wm.Session.performDeferredDestroy:225 android.view.IWindowSession$Stub.onTransact:398 com.android.server.wm.Session.onTransact:136 android.os.Binder.execTransact:565 <bottom of call stack> <bottom of call stack> ,523,0,-1
1900-03-17 16:13:39.006,1702,2639,I,WindowManager: Destroying surface Surface(name=com.tencent.qt.qtl/com.tencent.video.player.activity.PlayerActivity) called by com.android.server.wm.WindowStateAnimator.destroySurface:2060 com.android.server.wm.WindowStateAnimator.destroySurfaceLocked:913 com.android.server.wm.WindowState.destroyOrSaveSurface:2201 com.android.server.wm.WindowManagerService.tryStartExitingAnimation:3299 com.android.server.wm.WindowManagerService.relayoutWindow:3179 com.android.server.wm.Session.relayout:215 android.view.IWindowSession$Stub.onTransact:286 com.android.server.wm.Session.onTransact:136 ,587,0,-1
1900-03-17 16:13:39.010,1702,2639,D,"PowerManagerService: release:lock=62617001, flg=0x0, tag=""WindowManager"", name=android"", ws=WorkSource{10113}, uid=1000, pid=1702",129,0,-1
1900-03-17 16:13:39.070,1702,1815,I,WindowManager: Screen frozen for +1s0ms due to Window{ca98d5 u0 com.tencent.qt.qtl/com.tencent.qt.qtl.activity.info.NewsDetailXmlActivity},138,0,-1
1900-03-17 16:13:39.080,1702,1815,D,"PowerManagerService: release:lock=226887582, flg=0x0, tag=""SCREEN_FROZEN"", name=android"", ws=null, uid=1000, pid=1702",117,0,-1
1900-03-17 16:13:39.095,1702,8671,I,AlarmManager: remove(PendingIntent{19abed0: PendingIntentRecord{a485420 com.tencent.qt.qtl broadcastIntent}}) changed bounds; rebatching,136,0,-1
1900-03-17 16:13:45.402,1702,3694,V,WindowManager: Skipping AppWindowToken{9f4ef63 token=Token{a64f992 ActivityRecord{de9231d u0 com.tencent.qt.qtl/.activity.info.NewsDetailXmlActivity t761}}} -- going to hide,173,0,-1
1900-03-17 16:13:45.405,2227,2227,I,"PhoneStatusBar: setSystemUiVisibility vis=508 mask=ffffffff oldVal=40000500 newVal=508 diff=40000008 fullscreenStackVis=0 dockedStackVis=0, fullscreenStackBounds=Rect(0, 0 - 720, 1280), dockedStackBounds=Rect(0, 0 - 0, 0)",221,0,-1
1900-03-17 16:13:45.466,1702,17632,W,ActivityManager: java.lang.ClassCastException: android.os.BinderProxy cannot be cast to com.android.server.am.ActivityRecord$Token,130,0,-1
1900-03-17 16:13:45.512,1702,2639,V,WindowManager: Skipping AppWindowToken{9f4ef63 token=Token{a64f992 ActivityRecord{de9231d u0 com.tencent.qt.qtl/.activity.info.NewsDetailXmlActivity t761}}} -- going to hide,173,0,-1
1900-03-17 16:13:45.626,2227,2227,I,"PhoneStatusBar: setSystemUiVisibility vis=40000500 mask=ffffffff oldVal=508 newVal=40000500 diff=40000008 fullscreenStackVis=0 dockedStackVis=0, fullscreenStackBounds=Rect(0, 0 - 720, 1280), dockedStackBounds=Rect(0, 0 - 0, 0)",226,0,-1
1900-03-17 16:13:46.148,2227,2227,I,PanelView: schedulePeek,23,0,-1
1900-03-17 16:13:46.187,2227,2227,I,"StackScrollAlgorithm: overlapAmount:196.0, previousNotificationEnd:0.0, newYTranslation:-196.0, location:4, i:0, getTopPadding:333.0, getLocationOnScreen():-529",160,0,-1
1900-03-17 16:13:46.240,2227,2227,I,"PhoneStatusBar: setSystemUiVisibility vis=40000600 mask=ffffffff oldVal=40000500 newVal=40000600 diff=300 fullscreenStackVis=0 dockedStackVis=0, fullscreenStackBounds=Rect(0, 0 - 720, 1280), dockedStackBounds=Rect(0, 0 - 0, 0)",226,0,-1
1900-03-17 16:13:46.277,1702,14640,I,WindowManager: Destroying surface Surface(name=com.tencent.qt.qtl/com.tencent.qt.qtl.activity.info.NewsDetailXmlActivity) called by com.android.server.wm.WindowStateAnimator.destroySurface:2060 com.android.server.wm.WindowStateAnimator.destroySurfaceLocked:913 com.android.server.wm.WindowState.removeLocked:1554 com.android.server.wm.WindowManagerService.removeWindowInnerLocked:2739 com.android.server.wm.WindowManagerService.removeWindowInnerLocked:2702 com.android.server.wm.WindowManagerService.removeWindowLocked:2691 com.android.server.wm.WindowManagerService.removeWindowLocked:2560 com.android.server.wm.WindowManagerService.removeWindow:2555 ,652,0,-1
1900-03-17 16:13:46.290,2227,2227,I,"StackScrollAlgorithm: overlapAmount:146.0, previousNotificationEnd:0.0, newYTranslation:-146.0, location:4, i:0, getTopPadding:333.0, getLocationOnScreen():-479",160,0,-1
1900-03-17 16:13:46.306,2227,2227,I,"StackScrollAlgorithm: overlapAmount:119.0, previousNotificationEnd:0.0, newYTranslation:-119.0, location:4, i:0, getTopPadding:333.0, getLocationOnScreen():-452",160,0,-1
1900-03-17 16:13:46.318,2227,2227,I,"StackScrollAlgorithm: overlapAmount:85.0, previousNotificationEnd:0.0, newYTranslation:-85.0, location:4, i:0, getTopPadding:333.0, getLocationOnScreen():-418",158,0,-1
1900-03-17 16:13:46.339,2227,2227,I,"StackScrollAlgorithm: overlapAmount:46.0, previousNotificationEnd:0.0, newYTranslation:-46.0, location:4, i:0, getTopPadding:333.0, getLocationOnScreen():-379",158,0,-1
1900-03-17 16:13:46.352,2227,2227,I,"StackScrollAlgorithm: overlapAmount:5.0, previousNotificationEnd:0.0, newYTranslation:-5.0, location:4, i:0, getTopPadding:333.0, getLocationOnScreen():-338",156,0,-1
1900-03-17 16:13:46.654,1702,10454,W,ActivityManager: Sending non-protected broadcast com.android.systemui.statusbar.visible.change from system 2227:com.android.systemui/u0a37 pkg com.android.systemui,163,0,-1
1900-03-17 16:13:46.764,2227,2794,E,KeyguardUpdateMonitor: isSimPinSecure mSimDatas is null or empty ,65,1,-1
1900-03-17 16:13:47.016,2227,2227,I,"PanelView: onInterceptTouchEvent MotionEvent { action=ACTION_DOWN, actionButton=0, id[0]=0, x[0]=317.0, y[0]=419.0, toolType[0]=TOOL_TYPE_FINGER, buttonState=0, metaState=0, flags=0x0, edgeFlags=0x0, pointerCount=1, historySize=0, eventTime=261851646, downTime=261851646, deviceId=3, source=0x1002 }, mBlockTouches=false",320,0,-1
1900-03-17 16:13:47.078,2227,2227,I,"PanelView: onInterceptTouchEvent MotionEvent { action=ACTION_UP, actionButton=0, id[0]=0, x[0]=317.0, y[0]=419.0, toolType[0]=TOOL_TYPE_FINGER, buttonState=0, metaState=0, flags=0x0, edgeFlags=0x0, pointerCount=1, historySize=0, eventTime=261851713, downTime=261851646, deviceId=3, source=0x1002 }, mBlockTouches=false",318,0,-1
1900-03-17 16:13:47.113,1702,17622,I,ActivityManager: START u0 {act=com.tencent.mobileqq.action.MAINACTIVITY flg=0x14000000 cmp=com.tencent.mobileqq/.activity.SplashActivity (has extras)} from uid 10111 on display 0,178,0,-1
1900-03-17 16:13:47.124,2227,2227,I,"PhoneStatusBar: setSystemUiVisibility vis=40000500 mask=ffffffff oldVal=40000600 newVal=40000500 diff=300 fullscreenStackVis=0 dockedStackVis=0, fullscreenStackBounds=Rect(0, 0 - 720, 1280), dockedStackBounds=Rect(0, 0 - 0, 0)",226,0,-1
1900-03-17 16:13:47.150,1702,17633,E,ActivityManager: applyOptionsLocked: Unknown animationType=0,60,1,-1
1900-03-17 16:13:47.224,2227,2227,I,"PanelView: flingToHeight: vel=0.0, expand=false, target=0.0, collapseSpeedUpFactor=1.0, expandBecauseOfFalsing=false",116,0,-1
1900-03-17 16:13:47.289,1702,17633,I,"WindowManager: Taking screenshot from Surface with crop:[Rect(0, 48 - 720, 1208)], width:[432], height:[696], minLayer:[21085], maxLayer:[21085], inRotation:[false], rot:[0]",173,0,-1
1900-03-17 16:13:47.441,2227,2227,I,"StackScrollAlgorithm: overlapAmount:95.0, previousNotificationEnd:0.0, newYTranslation:-95.0, location:4, i:0, getTopPadding:333.0, getLocationOnScreen():-428",158,0,-1
1900-03-17 16:13:47.448,2227,2227,I,"PhoneStatusBar: setSystemUiVisibility vis=508 mask=ffffffff oldVal=40000500 newVal=508 diff=40000008 fullscreenStackVis=0 dockedStackVis=0, fullscreenStackBounds=Rect(0, 0 - 720, 1280), dockedStackBounds=Rect(0, 0 - 0, 0)",221,0,-1
1900-03-17 16:13:47.460,2227,2227,I,"StackScrollAlgorithm: overlapAmount:154.0, previousNotificationEnd:0.0, newYTranslation:-154.0, location:4, i:0, getTopPadding:333.0, getLocationOnScreen():-487",160,0,-1
1900-03-17 16:13:47.471,2227,2227,I,"StackScrollAlgorithm: overlapAmount:213.0, previousNotificationEnd:0.0, newYTranslation:-213.0, location:4, i:0, getTopPadding:333.0, getLocationOnScreen():-546",160,0,-1
1900-03-17 16:13:47.499,1702,2555,W,ActivityManager: Sending non-protected broadcast com.android.systemui.statusbar.visible.change from system 2227:com.android.systemui/u0a37 pkg com.android.systemui,163,0,-1
1900-03-17 16:13:47.517,1702,8671,D,"ActivityManager: Skipping, withExcluded: false, tr.intent:Intent { flg=0x10804000 cmp=com.android.systemui/.recents.RecentsActivity bnds=[264,444][920,908] }",157,0,-1
1900-03-17 16:13:47.517,1702,8671,D,"ActivityManager: Skipping, withExcluded: false, tr.intent:Intent { act=android.intent.action.MAIN flg=0x10840000 cmp=com.android.incallui/.InCallActivity (has extras) }",168,0,-1
1900-03-17 16:13:47.517,1702,8671,D,"ActivityManager: Skipping, withExcluded: false, tr.intent:Intent { flg=0x18800000 cmp=com.tencent.mm/.plugin.base.stub.WXEntryActivity (has extras) }",149,0,-1
1900-03-17 16:13:47.517,1702,8671,D,"ActivityManager: Skipping, withExcluded: false, tr.intent:Intent { flg=0x10800000 cmp=com.tencent.qqmusic/.business.lockscreen.LockScreenActivity (has extras) }",160,0,-1
1900-03-17 16:13:47.518,1702,8671,D,"ActivityManager: Skipping, withExcluded: false, tr.intent:Intent { act=com.android.contacts.action.CHOOSE_SUB dat=tel:xxxxxxxxxxx flg=0x10808000 cmp=com.android.contacts/.ChooseSubActivity (has extras) }",203,0,-1
1900-03-17 16:13:47.518,1702,8671,D,"ActivityManager: Skipping, withExcluded: false, tr.intent:Intent { act=android.intent.action.VIEW dat=file:///storage/emulated/0/Tencent/QQfile_recv/b.apk typ=application/vnd.android.package-archive flg=0x10800000 cmp=com.android.packageinstaller/.PackageInstallerActivity (has extras) }",287,0,-1
1900-03-17 16:13:47.547,1702,3694,D,"ActivityManager: Skipping, withExcluded: false, tr.intent:Intent { flg=0x10804000 cmp=com.android.systemui/.recents.RecentsActivity bnds=[264,444][920,908] }",157,0,-1
1900-03-17 16:13:47.547,1702,3694,D,"ActivityManager: Skipping, withExcluded: false, tr.intent:Intent { act=android.intent.action.MAIN flg=0x10840000 cmp=com.android.incallui/.InCallActivity (has extras) }",168,0,-1
1900-03-17 16:13:47.547,1702,3694,D,"ActivityManager: Skipping, withExcluded: false, tr.intent:Intent { flg=0x18800000 cmp=com.tencent.mm/.plugin.base.stub.WXEntryActivity (has extras) }",149,0,-1
1900-03-17 16:13:47.599,2227,2227,I,"PhoneStatusBar: setSystemUiVisibility vis=40000500 mask=ffffffff oldVal=508 newVal=40000500 diff=40000008 fullscreenStackVis=0 dockedStackVis=0, fullscreenStackBounds=Rect(0, 0 - 720, 1280), dockedStackBounds=Rect(0, 0 - 0, 0)",226,0,-1
1900-03-17 16:13:47.600,2227,2227,I,PanelView: closeQs,18,0,-1
1900-03-17 16:13:47.601,2227,2227,I,PanelView: instantCollapse,26,0,-1
1900-03-17 16:13:47.601,2227,2227,I,PanelView: closeQs,18,0,-1
1900-03-17 16:13:48.032,1702,2639,I,WindowManager: Destroying surface Surface(name=com.tencent.qt.qtl/com.tencent.qt.qtl.activity.main.MainTabActivity) called by com.android.server.wm.WindowStateAnimator.destroySurface:2060 com.android.server.wm.WindowStateAnimator.destroySurfaceLocked:913 com.android.server.wm.WindowState.destroyOrSaveSurface:2201 com.android.server.wm.AppWindowToken.destroySurfaces:374 com.android.server.wm.AppWindowToken.notifyAppStopped:400 com.android.server.wm.WindowManagerService.notifyAppStopped:4869 com.android.server.am.ActivityStack.activityStoppedLocked:1393 com.android.server.am.ActivityManagerService.activityStopped:7690 ,624,0,-1
1900-03-17 16:13:54.745,1702,1702,D,"PowerManagerService: acquire lock=86152250, flags=0x1, tag=""handleAudioEvent"", name=android, ws=null, uid=1000, pid=1702",120,0,-1
1900-03-17 16:13:55.783,1702,2113,D,"PowerManagerService: acquire lock=219829192, flags=0x1, tag=""AudioMix"", name=audioserver, ws=null, uid=1041, pid=0",114,0,-1
1900-03-17 16:13:55.791,1702,2153,D,"PowerManagerService: release:lock=86152250, flg=0x0, tag=""handleAudioEvent"", name=android"", ws=null, uid=1000, pid=1702",119,0,-1
1900-03-17 16:13:55.941,30852,30852,V,AudioManager: getMode...,24,0,-1
1900-03-17 16:14:00.001,1702,2096,I,"AlarmManager: sending alarm Alarm{aa90550 type 3 when 509142332 PendingIntent{1749923: PendingIntentRecord{9600e20 android broadcastIntent}}},repeatInterval = 0,listenerTag =time_tick",183,0,-1
1900-03-17 16:14:04.319,1702,2555,I,WindowManager: Destroying surface Surface(name=PopupWindow:9b04807) called by com.android.server.wm.WindowStateAnimator.destroySurface:2060 com.android.server.wm.WindowStateAnimator.destroySurfaceLocked:913 com.android.server.wm.WindowState.removeLocked:1554 com.android.server.wm.WindowManagerService.removeWindowInnerLocked:2739 com.android.server.wm.WindowManagerService.removeWindowInnerLocked:2702 com.android.server.wm.WindowManagerService.removeWindowLocked:2691 com.android.server.wm.WindowManagerService.removeWindowLocked:2560 com.android.server.wm.WindowManagerService.removeWindow:2555 ,598,0,-1
1900-03-17 16:14:04.360,1702,1736,I,WindowManager: Destroying surface Surface(name=PopupWindow:317e46) called by com.android.server.wm.WindowStateAnimator.destroySurface:2060 com.android.server.wm.WindowStateAnimator.destroySurfaceLocked:913 com.android.server.wm.WindowState.removeLocked:1554 com.android.server.wm.WindowManagerService.removeWindowInnerLocked:2739 com.android.server.wm.WindowManagerService.removeWindowInnerLocked:2702 com.android.server.wm.WindowManagerService.removeWindowLocked:2691 com.android.server.wm.WindowManagerService.removeWindowLocked:2560 com.android.server.wm.WindowManagerService.removeWindow:2555 ,597,0,-1
1900-03-17 16:14:06.107,1702,1737,I,WindowManager: Destroying surface Surface(name=PopupWindow:d76a91d) called by com.android.server.wm.WindowStateAnimator.destroySurface:2060 com.android.server.wm.WindowStateAnimator.destroySurfaceLocked:913 com.android.server.wm.WindowState.removeLocked:1554 com.android.server.wm.WindowManagerService.removeWindowInnerLocked:2739 com.android.server.wm.WindowManagerService.removeWindowInnerLocked:2702 com.android.server.wm.WindowManagerService.removeWindowLocked:2691 com.android.server.wm.WindowManagerService.removeWindowLocked:2560 com.android.server.wm.WindowManagerService.removeWindow:2555 ,598,0,-1
1900-03-17 16:14:06.127,1702,8671,I,WindowManager: Destroying surface Surface(name=PopupWindow:9b04807) called by com.android.server.wm.WindowStateAnimator.destroySurface:2060 com.android.server.wm.WindowStateAnimator.destroySurfaceLocked:913 com.android.server.wm.WindowState.removeLocked:1554 com.android.server.wm.WindowManagerService.removeWindowInnerLocked:2739 com.android.server.wm.WindowManagerService.removeWindowInnerLocked:2702 com.android.server.wm.WindowManagerService.removeWindowLocked:2691 com.android.server.wm.WindowManagerService.removeWindowLocked:2560 com.android.server.wm.WindowManagerService.removeWindow:2555 ,598,0,-1
1900-03-17 16:14:15.072,1702,2395,I,WindowManager: Destroying surface Surface(name=PopupWindow:d76a91d) called by com.android.server.wm.WindowStateAnimator.destroySurface:2060 com.android.server.wm.WindowStateAnimator.destroySurfaceLocked:913 com.android.server.wm.WindowState.removeLocked:1554 com.android.server.wm.WindowManagerService.removeWindowInnerLocked:2739 com.android.server.wm.WindowManagerService.removeWindowInnerLocked:2702 com.android.server.wm.WindowManagerService.removeWindowLocked:2691 com.android.server.wm.WindowManagerService.removeWindowLocked:2560 com.android.server.wm.WindowManagerService.removeWindow:2555 ,598,0,-1
1900-03-17 16:14:15.087,1702,2555,I,WindowManager: Destroying surface Surface(name=PopupWindow:9b04807) called by com.android.server.wm.WindowStateAnimator.destroySurface:2060 com.android.server.wm.WindowStateAnimator.destroySurfaceLocked:913 com.android.server.wm.WindowState.removeLocked:1554 com.android.server.wm.WindowManagerService.removeWindowInnerLocked:2739 com.android.server.wm.WindowManagerService.removeWindowInnerLocked:2702 com.android.server.wm.WindowManagerService.removeWindowLocked:2691 com.android.server.wm.WindowManagerService.removeWindowLocked:2560 com.android.server.wm.WindowManagerService.removeWindow:2555 ,598,0,-1
1900-03-17 16:14:22.516,1702,27357,I,WindowManager: Destroying surface Surface(name=PopupWindow:9b04807) called by com.android.server.wm.WindowStateAnimator.destroySurface:2060 com.android.server.wm.WindowStateAnimator.destroySurfaceLocked:913 com.android.server.wm.WindowState.removeLocked:1554 com.android.server.wm.WindowManagerService.removeWindowInnerLocked:2739 com.android.server.wm.WindowManagerService.removeWindowInnerLocked:2702 com.android.server.wm.WindowManagerService.removeWindowLocked:2691 com.android.server.wm.WindowManagerService.removeWindowLocked:2560 com.android.server.wm.WindowManagerService.removeWindow:2555 ,598,0,-1
1900-03-17 16:14:22.534,1702,14638,I,WindowManager: Destroying surface Surface(name=PopupWindow:317e46) called by com.android.server.wm.WindowStateAnimator.destroySurface:2060 com.android.server.wm.WindowStateAnimator.destroySurfaceLocked:913 com.android.server.wm.WindowState.removeLocked:1554 com.android.server.wm.WindowManagerService.removeWindowInnerLocked:2739 com.android.server.wm.WindowManagerService.removeWindowInnerLocked:2702 com.android.server.wm.WindowManagerService.removeWindowLocked:2691 com.android.server.wm.WindowManagerService.removeWindowLocked:2560 com.android.server.wm.WindowManagerService.removeWindow:2555 ,597,0,-1
1900-03-17 16:15:00.001,1702,2096,I,"AlarmManager: sending alarm Alarm{c1705d3 type 3 when 509202333 PendingIntent{1749923: PendingIntentRecord{9600e20 android broadcastIntent}}},repeatInterval = 0,listenerTag =time_tick",183,0,-1
1900-03-17 16:15:00.967,1702,3137,I,AlarmManager: remove(PendingIntent{e4e2534: PendingIntentRecord{e204f60 com.android.phone broadcastIntent}}) changed bounds; rebatching,135,0,-1
1900-03-17 16:15:03.502,1702,2639,W,ActivityManager: Unable to start service Intent { act=com.tencent.android.tpush.action.keepalive cmp=com.qqgame.hlddz/com.tencent.android.tpush.service.XGPushService } U=0: not found,182,0,-1
1900-03-17 16:15:19.993,1702,2644,W,ActivityManager: Scheduling restart of crashed service com.tencent.mobileqq/cooperation.qzone.remote.logic.QzoneWebPluginProxyService in 1000ms,143,0,-1
1900-03-17 16:15:20.995,1702,1765,I,"ActivityManager: new Process app=ProcessRecord{6eaaf00 0:com.tencent.mobileqq:qzone/u0a111}, name: com.tencent.mobileqq:qzone, euid: 0",134,0,-1
1900-03-17 16:15:21.065,1702,1765,I,ActivityManager: Start proc 13003:com.tencent.mobileqq:qzone/u0a111 for service com.tencent.mobileqq/cooperation.qzone.remote.logic.QzoneWebPluginProxyService,158,0,-1
1900-03-17 16:15:25.196,1702,3693,I,WindowManager: Destroying surface Surface(name=PopupWindow:317e46) called by com.android.server.wm.WindowStateAnimator.destroySurface:2060 com.android.server.wm.WindowStateAnimator.destroySurfaceLocked:913 com.android.server.wm.WindowState.removeLocked:1554 com.android.server.wm.WindowManagerService.removeWindowInnerLocked:2739 com.android.server.wm.WindowManagerService.removeWindowInnerLocked:2702 com.android.server.wm.WindowManagerService.removeWindowLocked:2691 com.android.server.wm.WindowManagerService.removeWindowLocked:2560 com.android.server.wm.WindowManagerService.removeWindow:2555 ,597,0,-1
1900-03-17 16:15:25.448,1702,1815,I,WindowManager: Destroying surface Surface(name=InputMethod) called by com.android.server.wm.WindowStateAnimator.destroySurface:2060 com.android.server.wm.WindowStateAnimator.destroySurfaceLocked:913 com.android.server.wm.WindowState.destroyOrSaveSurface:2201 com.android.server.wm.WindowSurfacePlacer.performSurfacePlacementInner:517 com.android.server.wm.WindowSurfacePlacer.performSurfacePlacementLoop:291 com.android.server.wm.WindowSurfacePlacer.performSurfacePlacement:233 com.android.server.wm.WindowManagerService$H.handleMessage:8670 android.os.Handler.dispatchMessage:105 ,581,0,-1
1900-03-17 16:15:26.277,2227,2227,I,PanelView: closeQs,18,0,-1
1900-03-17 16:15:26.278,2227,2227,I,PanelView: instantCollapse,26,0,-1
1900-03-17 16:15:26.376,1702,14640,I,"WindowManager: Taking screenshot from Surface with crop:[Rect(0, 48 - 720, 1208)], width:[432], height:[696], minLayer:[21000], maxLayer:[21080], inRotation:[false], rot:[0]",173,0,-1
1900-03-17 16:15:26.466,2227,2227,I,"PhoneStatusBar: setSystemUiVisibility vis=708 mask=ffffffff oldVal=40000500 newVal=708 diff=40000208 fullscreenStackVis=0 dockedStackVis=0, fullscreenStackBounds=Rect(0, 0 - 720, 1280), dockedStackBounds=Rect(0, 0 - 0, 0)",221,0,-1
1900-03-17 16:15:26.530,1702,2639,D,"ActivityManager: Skipping, withExcluded: false, tr.intent:Intent { flg=0x10804000 cmp=com.android.systemui/.recents.RecentsActivity bnds=[264,444][920,908] }",157,0,-1
1900-03-17 16:15:26.530,1702,2639,D,"ActivityManager: Skipping, withExcluded: false, tr.intent:Intent { act=android.intent.action.MAIN flg=0x10840000 cmp=com.android.incallui/.InCallActivity (has extras) }",168,0,-1
1900-03-17 16:15:26.530,1702,2639,D,"ActivityManager: Skipping, withExcluded: false, tr.intent:Intent { flg=0x18800000 cmp=com.tencent.mm/.plugin.base.stub.WXEntryActivity (has extras) }",149,0,-1
1900-03-17 16:15:26.530,1702,2639,D,"ActivityManager: Skipping, withExcluded: false, tr.intent:Intent { flg=0x10800000 cmp=com.tencent.qqmusic/.business.lockscreen.LockScreenActivity (has extras) }",160,0,-1
1900-03-17 16:15:26.530,1702,2639,D,"ActivityManager: Skipping, withExcluded: false, tr.intent:Intent { act=com.android.contacts.action.CHOOSE_SUB dat=tel:xxxxxxxxxxx flg=0x10808000 cmp=com.android.contacts/.ChooseSubActivity (has extras) }",203,0,-1
1900-03-17 16:15:26.530,1702,2639,D,"ActivityManager: Skipping, withExcluded: false, tr.intent:Intent { act=android.intent.action.VIEW dat=file:///storage/emulated/0/Tencent/QQfile_recv/b.apk typ=application/vnd.android.package-archive flg=0x10800000 cmp=com.android.packageinstaller/.PackageInstallerActivity (has extras) }",287,0,-1
1900-03-17 16:15:26.542,1702,17630,D,"ActivityManager: Skipping, withExcluded: false, tr.intent:Intent { flg=0x10804000 cmp=com.android.systemui/.recents.RecentsActivity bnds=[264,444][920,908] }",157,0,-1
1900-03-17 16:15:26.542,1702,17630,D,"ActivityManager: Skipping, withExcluded: false, tr.intent:Intent { act=android.intent.action.MAIN flg=0x10840000 cmp=com.android.incallui/.InCallActivity (has extras) }",168,0,-1
1900-03-17 16:15:26.542,1702,17630,D,"ActivityManager: Skipping, withExcluded: false, tr.intent:Intent { flg=0x18800000 cmp=com.tencent.mm/.plugin.base.stub.WXEntryActivity (has extras) }",149,0,-1
1900-03-17 16:15:26.577,2227,2227,I,"PhoneStatusBar: setSystemUiVisibility vis=c0000700 mask=ffffffff oldVal=708 newVal=c0000700 diff=c0000008 fullscreenStackVis=0 dockedStackVis=0, fullscreenStackBounds=Rect(0, 0 - 720, 1280), dockedStackBounds=Rect(0, 0 - 0, 0)",226,0,-1
1900-03-17 16:15:26.946,1702,2558,I,WindowManager: Destroying surface Surface(name=com.tencent.mobileqq/com.tencent.mobileqq.activity.SplashActivity) called by com.android.server.wm.WindowStateAnimator.destroySurface:2060 com.android.server.wm.WindowStateAnimator.destroySurfaceLocked:913 com.android.server.wm.WindowState.destroyOrSaveSurface:2201 com.android.server.wm.AppWindowToken.destroySurfaces:374 com.android.server.wm.AppWindowToken.notifyAppStopped:400 com.android.server.wm.WindowManagerService.notifyAppStopped:4869 com.android.server.am.ActivityStack.activityStoppedLocked:1393 com.android.server.am.ActivityManagerService.activityStopped:7690 ,622,0,-1
1900-03-17 16:15:33.419,1702,8290,I,NotificationManager: enqueueNotificationInternal: pkg=com.tencent.mobileqq id=121 notification=Notification(pri=1 contentView=null vibrate=[100] sound=null tick defaults=0x0 flags=0x11 color=0x00000000 vis=PRIVATE),214,0,-1
1900-03-17 16:15:36.921,1702,2113,I,"ActivityManager: START u0 {act=android.intent.action.MAIN cat=[android.intent.category.LAUNCHER] flg=0x10200000 cmp=com.example.android.notepad/.NotePadActivity bnds=[8,820][184,1011]} from uid 10057 on display 0",212,0,-1
1900-03-17 16:15:37.078,2227,2227,I,"PhoneStatusBar: setSystemUiVisibility vis=80000608 mask=ffffffff oldVal=c0000700 newVal=80000608 diff=40000108 fullscreenStackVis=0 dockedStackVis=0, fullscreenStackBounds=Rect(0, 0 - 720, 1280), dockedStackBounds=Rect(0, 0 - 0, 0)",231,0,-1
1900-03-17 16:15:37.138,1702,10454,D,"ActivityManager: Skipping, withExcluded: false, tr.intent:Intent { flg=0x10804000 cmp=com.android.systemui/.recents.RecentsActivity bnds=[264,444][920,908] }",157,0,-1
1900-03-17 16:15:37.138,1702,10454,D,"ActivityManager: Skipping, withExcluded: false, tr.intent:Intent { act=android.intent.action.MAIN flg=0x10840000 cmp=com.android.incallui/.InCallActivity (has extras) }",168,0,-1
1900-03-17 16:15:37.138,1702,10454,D,"ActivityManager: Skipping, withExcluded: false, tr.intent:Intent { flg=0x18800000 cmp=com.tencent.mm/.plugin.base.stub.WXEntryActivity (has extras) }",149,0,-1
1900-03-17 16:15:37.138,1702,10454,D,"ActivityManager: Skipping, withExcluded: false, tr.intent:Intent { flg=0x10800000 cmp=com.tencent.qqmusic/.business.lockscreen.LockScreenActivity (has extras) }",160,0,-1
1900-03-17 16:15:37.138,1702,10454,D,"ActivityManager: Skipping, withExcluded: false, tr.intent:Intent { act=com.android.contacts.action.CHOOSE_SUB dat=tel:xxxxxxxxxxx flg=0x10808000 cmp=com.android.contacts/.ChooseSubActivity (has extras) }",203,0,-1
1900-03-17 16:15:37.138,1702,10454,D,"ActivityManager: Skipping, withExcluded: false, tr.intent:Intent { act=android.intent.action.VIEW dat=file:///storage/emulated/0/Tencent/QQfile_recv/b.apk typ=application/vnd.android.package-archive flg=0x10800000 cmp=com.android.packageinstaller/.PackageInstallerActivity (has extras) }",287,0,-1
1900-03-17 16:15:37.153,1702,2639,D,"ActivityManager: Skipping, withExcluded: false, tr.intent:Intent { flg=0x10804000 cmp=com.android.systemui/.recents.RecentsActivity bnds=[264,444][920,908] }",157,0,-1
1900-03-17 16:15:37.153,1702,2639,D,"ActivityManager: Skipping, withExcluded: false, tr.intent:Intent { act=android.intent.action.MAIN flg=0x10840000 cmp=com.android.incallui/.InCallActivity (has extras) }",168,0,-1
1900-03-17 16:15:37.153,1702,2639,D,"ActivityManager: Skipping, withExcluded: false, tr.intent:Intent { flg=0x18800000 cmp=com.tencent.mm/.plugin.base.stub.WXEntryActivity (has extras) }",149,0,-1
1900-03-17 16:15:37.178,2227,2227,I,"PhoneStatusBar: setSystemUiVisibility vis=40000600 mask=ffffffff oldVal=80000608 newVal=40000600 diff=c0000008 fullscreenStackVis=0 dockedStackVis=0, fullscreenStackBounds=Rect(0, 0 - 720, 1280), dockedStackBounds=Rect(0, 0 - 0, 0)",231,0,-1
1900-03-17 16:15:39.249,2227,2227,I,"StackScrollAlgorithm: overlapAmount:164.0, previousNotificationEnd:0.0, newYTranslation:-164.0, location:4, i:0, getTopPadding:333.0, getLocationOnScreen():-497",160,0,-1
1900-03-17 16:15:39.587,2227,2227,I,"StackScrollAlgorithm: overlapAmount:220.0, previousNotificationEnd:0.0, newYTranslation:-220.0, location:4, i:0, getTopPadding:333.0, getLocationOnScreen():-553",160,0,-1
1900-03-17 16:15:39.597,2227,2227,I,PanelView: closeQs,18,0,-1
1900-03-17 16:15:39.598,2227,2227,I,PanelView: instantCollapse,26,0,-1
1900-03-17 16:15:39.598,2227,2227,I,PanelView: closeQs,18,0,-1
1900-03-17 16:15:42.580,1702,1815,I,WindowManager: Destroying surface Surface(name=PopupWindow:6ac503e) called by com.android.server.wm.WindowStateAnimator.destroySurface:2060 com.android.server.wm.WindowStateAnimator.destroySurfaceLocked:913 com.android.server.wm.WindowState.destroyOrSaveSurface:2201 com.android.server.wm.AppWindowToken.destroySurfaces:374 com.android.server.wm.WindowStateAnimator.finishExit:590 com.android.server.wm.WindowStateAnimator.stepAnimationLocked:516 com.android.server.wm.WindowAnimator.updateWindowsLocked:311 com.android.server.wm.WindowAnimator.animateLocked:738 ,563,0,-1
1900-03-17 16:15:46.546,1702,2113,I,WindowManager: Destroying surface Surface(name=PopupWindow:317e46) called by com.android.server.wm.WindowStateAnimator.destroySurface:2060 com.android.server.wm.WindowStateAnimator.destroySurfaceLocked:913 com.android.server.wm.WindowState.removeLocked:1554 com.android.server.wm.WindowManagerService.removeWindowInnerLocked:2739 com.android.server.wm.WindowManagerService.removeWindowInnerLocked:2702 com.android.server.wm.WindowManagerService.removeWindowLocked:2691 com.android.server.wm.WindowManagerService.removeWindowLocked:2560 com.android.server.wm.WindowManagerService.removeWindow:2555 ,597,0,-1
1900-03-17 16:15:46.914,1702,1815,I,WindowManager: Destroying surface Surface(name=InputMethod) called by com.android.server.wm.WindowStateAnimator.destroySurface:2060 com.android.server.wm.WindowStateAnimator.destroySurfaceLocked:913 com.android.server.wm.WindowState.destroyOrSaveSurface:2201 com.android.server.wm.WindowSurfacePlacer.performSurfacePlacementInner:517 com.android.server.wm.WindowSurfacePlacer.performSurfacePlacementLoop:291 com.android.server.wm.WindowSurfacePlacer.performSurfacePlacement:233 com.android.server.wm.WindowManagerService$H.handleMessage:8670 android.os.Handler.dispatchMessage:105 ,581,0,-1
1900-03-17 16:15:47.410,2227,2227,I,"PhoneStatusBar: setSystemUiVisibility vis=40000000 mask=ffffffff oldVal=40000600 newVal=40000000 diff=600 fullscreenStackVis=0 dockedStackVis=0, fullscreenStackBounds=Rect(0, 0 - 720, 1280), dockedStackBounds=Rect(0, 0 - 0, 0)",226,0,-1
1900-03-17 16:15:47.425,2227,2227,I,"PhoneStatusBar: setSystemUiVisibility vis=40000600 mask=ffffffff oldVal=40000000 newVal=40000600 diff=600 fullscreenStackVis=0 dockedStackVis=0, fullscreenStackBounds=Rect(0, 0 - 720, 1280), dockedStackBounds=Rect(0, 0 - 0, 0)",226,0,-1
1900-03-17 16:15:47.625,2227,2227,I,PanelView: closeQs,18,0,-1
1900-03-17 16:15:47.630,2227,2227,I,PanelView: instantCollapse,26,0,-1
1900-03-17 16:15:47.778,1702,8289,I,"WindowManager: Taking screenshot from Surface with crop:[Rect(0, 48 - 720, 1208)], width:[432], height:[696], minLayer:[21080], maxLayer:[21085], inRotation:[false], rot:[0]",173,0,-1
1900-03-17 16:15:47.932,2227,2227,I,"PhoneStatusBar: setSystemUiVisibility vis=708 mask=ffffffff oldVal=40000600 newVal=708 diff=40000108 fullscreenStackVis=0 dockedStackVis=0, fullscreenStackBounds=Rect(0, 0 - 720, 1280), dockedStackBounds=Rect(0, 0 - 0, 0)",221,0,-1
1900-03-17 16:15:47.973,1702,17630,D,"ActivityManager: Skipping, withExcluded: false, tr.intent:Intent { flg=0x10804000 cmp=com.android.systemui/.recents.RecentsActivity bnds=[264,444][920,908] }",157,0,-1
1900-03-17 16:15:47.973,1702,17630,D,"ActivityManager: Skipping, withExcluded: false, tr.intent:Intent { act=android.intent.action.MAIN flg=0x10840000 cmp=com.android.incallui/.InCallActivity (has extras) }",168,0,-1
1900-03-17 16:15:47.973,1702,17630,D,"ActivityManager: Skipping, withExcluded: false, tr.intent:Intent { flg=0x18800000 cmp=com.tencent.mm/.plugin.base.stub.WXEntryActivity (has extras) }",149,0,-1
1900-03-17 16:15:47.974,1702,17630,D,"ActivityManager: Skipping, withExcluded: false, tr.intent:Intent { flg=0x10800000 cmp=com.tencent.qqmusic/.business.lockscreen.LockScreenActivity (has extras) }",160,0,-1
1900-03-17 16:15:47.974,1702,17630,D,"ActivityManager: Skipping, withExcluded: false, tr.intent:Intent { act=com.android.contacts.action.CHOOSE_SUB dat=tel:xxxxxxxxxxx flg=0x10808000 cmp=com.android.contacts/.ChooseSubActivity (has extras) }",203,0,-1
1900-03-17 16:15:47.974,1702,17630,D,"ActivityManager: Skipping, withExcluded: false, tr.intent:Intent { act=android.intent.action.VIEW dat=file:///storage/emulated/0/Tencent/QQfile_recv/b.apk typ=application/vnd.android.package-archive flg=0x10800000 cmp=com.android.packageinstaller/.PackageInstallerActivity (has extras) }",287,0,-1
1900-03-17 16:15:47.988,1702,2558,D,"ActivityManager: Skipping, withExcluded: false, tr.intent:Intent { flg=0x10804000 cmp=com.android.systemui/.recents.RecentsActivity bnds=[264,444][920,908] }",157,0,-1
1900-03-17 16:15:47.988,1702,2558,D,"ActivityManager: Skipping, withExcluded: false, tr.intent:Intent { act=android.intent.action.MAIN flg=0x10840000 cmp=com.android.incallui/.InCallActivity (has extras) }",168,0,-1
1900-03-17 16:15:47.988,1702,2558,D,"ActivityManager: Skipping, withExcluded: false, tr.intent:Intent { flg=0x18800000 cmp=com.tencent.mm/.plugin.base.stub.WXEntryActivity (has extras) }",149,0,-1
1900-03-17 16:15:48.106,2227,2227,I,"PhoneStatusBar: setSystemUiVisibility vis=c0000700 mask=ffffffff oldVal=708 newVal=c0000700 diff=c0000008 fullscreenStackVis=0 dockedStackVis=0, fullscreenStackBounds=Rect(0, 0 - 720, 1280), dockedStackBounds=Rect(0, 0 - 0, 0)",226,0,-1
1900-03-17 16:15:48.334,1702,17622,I,WindowManager: Destroying surface Surface(name=com.example.android.notepad/com.example.android.notepad.NoteEditor) called by com.android.server.wm.WindowStateAnimator.destroySurface:2060 com.android.server.wm.WindowStateAnimator.destroySurfaceLocked:913 com.android.server.wm.WindowState.destroyOrSaveSurface:2201 com.android.server.wm.AppWindowToken.destroySurfaces:374 com.android.server.wm.AppWindowToken.notifyAppStopped:400 com.android.server.wm.WindowManagerService.notifyAppStopped:4869 com.android.server.am.ActivityStack.activityStoppedLocked:1393 com.android.server.am.ActivityManagerService.activityStopped:7690 ,623,0,-1
1900-03-17 16:15:48.336,1702,17622,I,WindowManager: Destroying surface Surface(name=com.example.android.notepad/com.example.android.notepad.NoteEditor) called by com.android.server.wm.WindowStateAnimator.destroySurface:2060 com.android.server.wm.WindowStateAnimator.destroySurfaceLocked:913 com.android.server.wm.WindowState.destroyOrSaveSurface:2201 com.android.server.wm.AppWindowToken.destroySurfaces:374 com.android.server.wm.AppWindowToken.notifyAppStopped:400 com.android.server.wm.WindowManagerService.notifyAppStopped:4869 com.android.server.am.ActivityStack.activityStoppedLocked:1393 com.android.server.am.ActivityManagerService.activityStopped:7690 ,623,0,-1
1900-03-17 16:15:48.718,2227,2227,I,PanelView: closeQs,18,0,-1
1900-03-17 16:15:48.719,2227,2227,I,PanelView: instantCollapse,26,0,-1
1900-03-17 16:15:49.209,1702,2250,I,"ActivityManager: START u0 {act=android.intent.action.MAIN cat=[android.intent.category.LAUNCHER] flg=0x10200000 cmp=com.tencent.mobileqq/.activity.SplashActivity bnds=[360,820][536,1011]} from uid 10057 on display 0",215,0,-1
1900-03-17 16:15:49.462,2227,2227,I,"PhoneStatusBar: setSystemUiVisibility vis=80000508 mask=ffffffff oldVal=c0000700 newVal=80000508 diff=40000208 fullscreenStackVis=0 dockedStackVis=0, fullscreenStackBounds=Rect(0, 0 - 720, 1280), dockedStackBounds=Rect(0, 0 - 0, 0)",231,0,-1
1900-03-17 16:15:49.497,1702,2633,D,"ActivityManager: Skipping, withExcluded: false, tr.intent:Intent { flg=0x10804000 cmp=com.android.systemui/.recents.RecentsActivity bnds=[264,444][920,908] }",157,0,-1
1900-03-17 16:15:49.497,1702,2633,D,"ActivityManager: Skipping, withExcluded: false, tr.intent:Intent { act=android.intent.action.MAIN flg=0x10840000 cmp=com.android.incallui/.InCallActivity (has extras) }",168,0,-1
1900-03-17 16:15:49.497,1702,2633,D,"ActivityManager: Skipping, withExcluded: false, tr.intent:Intent { flg=0x18800000 cmp=com.tencent.mm/.plugin.base.stub.WXEntryActivity (has extras) }",149,0,-1
1900-03-17 16:15:49.497,1702,2633,D,"ActivityManager: Skipping, withExcluded: false, tr.intent:Intent { flg=0x10800000 cmp=com.tencent.qqmusic/.business.lockscreen.LockScreenActivity (has extras) }",160,0,-1
1900-03-17 16:15:49.498,1702,2633,D,"ActivityManager: Skipping, withExcluded: false, tr.intent:Intent { act=com.android.contacts.action.CHOOSE_SUB dat=tel:xxxxxxxxxxx flg=0x10808000 cmp=com.android.contacts/.ChooseSubActivity (has extras) }",203,0,-1
1900-03-17 16:15:49.498,1702,2633,D,"ActivityManager: Skipping, withExcluded: false, tr.intent:Intent { act=android.intent.action.VIEW dat=file:///storage/emulated/0/Tencent/QQfile_recv/b.apk typ=application/vnd.android.package-archive flg=0x10800000 cmp=com.android.packageinstaller/.PackageInstallerActivity (has extras) }",287,0,-1
1900-03-17 16:15:49.507,1702,17621,D,"ActivityManager: Skipping, withExcluded: false, tr.intent:Intent { flg=0x10804000 cmp=com.android.systemui/.recents.RecentsActivity bnds=[264,444][920,908] }",157,0,-1
1900-03-17 16:15:49.507,1702,17621,D,"ActivityManager: Skipping, withExcluded: false, tr.intent:Intent { act=android.intent.action.MAIN flg=0x10840000 cmp=com.android.incallui/.InCallActivity (has extras) }",168,0,-1
1900-03-17 16:15:49.507,1702,17621,D,"ActivityManager: Skipping, withExcluded: false, tr.intent:Intent { flg=0x18800000 cmp=com.tencent.mm/.plugin.base.stub.WXEntryActivity (has extras) }",149,0,-1
1900-03-17 16:15:49.537,2227,2227,I,"PhoneStatusBar: setSystemUiVisibility vis=40000500 mask=ffffffff oldVal=80000508 newVal=40000500 diff=c0000008 fullscreenStackVis=0 dockedStackVis=0, fullscreenStackBounds=Rect(0, 0 - 720, 1280), dockedStackBounds=Rect(0, 0 - 0, 0)",231,0,-1
1900-03-17 16:15:49.569,2227,2227,I,PanelView: closeQs,18,0,-1
1900-03-17 16:15:49.573,2227,2227,I,PanelView: instantCollapse,26,0,-1
1900-03-17 16:16:00.001,1702,2096,I,"AlarmManager: sending alarm Alarm{d764221 type 3 when 509262332 PendingIntent{1749923: PendingIntentRecord{9600e20 android broadcastIntent}}},repeatInterval = 0,listenerTag =time_tick",183,0,-1
1900-03-17 16:16:00.249,1702,8290,I,WindowManager: Destroying surface Surface(name=PopupWindow:9b04807) called by com.android.server.wm.WindowStateAnimator.destroySurface:2060 com.android.server.wm.WindowStateAnimator.destroySurfaceLocked:913 com.android.server.wm.WindowState.removeLocked:1554 com.android.server.wm.WindowManagerService.removeWindowInnerLocked:2739 com.android.server.wm.WindowManagerService.removeWindowInnerLocked:2702 com.android.server.wm.WindowManagerService.removeWindowLocked:2691 com.android.server.wm.WindowManagerService.removeWindowLocked:2560 com.android.server.wm.WindowManagerService.removeWindow:2555 ,598,0,-1
1900-03-17 16:16:00.289,1702,2250,I,WindowManager: Destroying surface Surface(name=PopupWindow:317e46) called by com.android.server.wm.WindowStateAnimator.destroySurface:2060 com.android.server.wm.WindowStateAnimator.destroySurfaceLocked:913 com.android.server.wm.WindowState.removeLocked:1554 com.android.server.wm.WindowManagerService.removeWindowInnerLocked:2739 com.android.server.wm.WindowManagerService.removeWindowInnerLocked:2702 com.android.server.wm.WindowManagerService.removeWindowLocked:2691 com.android.server.wm.WindowManagerService.removeWindowLocked:2560 com.android.server.wm.WindowManagerService.removeWindow:2555 ,597,0,-1
1900-03-17 16:16:00.338,1702,1737,D,"PowerManagerService: acquire lock=191063310, flags=0x1, tag=""AudioMix"", name=audioserver, ws=null, uid=1041, pid=0",114,0,-1
1900-03-17 16:16:00.345,1702,1737,D,"PowerManagerService: acquire lock=149977903, flags=0x1, tag=""AudioMix"", name=audioserver, ws=null, uid=1041, pid=0",114,0,-1
1900-03-17 16:16:00.366,1702,1737,D,"PowerManagerService: acquire lock=155645244, flags=0x1, tag=""AudioMix"", name=audioserver, ws=null, uid=1041, pid=0",114,0,-1
1900-03-17 16:16:00.367,1702,1737,D,"PowerManagerService: acquire lock=173466309, flags=0x1, tag=""AudioMix"", name=audioserver, ws=null, uid=1041, pid=0",114,0,-1
1900-03-17 16:16:01.098,1702,2633,I,WindowManager: Destroying surface Surface(name=PopupWindow:317e46) called by com.android.server.wm.WindowStateAnimator.destroySurface:2060 com.android.server.wm.WindowStateAnimator.destroySurfaceLocked:913 com.android.server.wm.WindowState.removeLocked:1554 com.android.server.wm.WindowManagerService.removeWindowInnerLocked:2739 com.android.server.wm.WindowManagerService.removeWindowInnerLocked:2702 com.android.server.wm.WindowManagerService.removeWindowLocked:2691 com.android.server.wm.WindowManagerService.removeWindowLocked:2560 com.android.server.wm.WindowManagerService.removeWindow:2555 ,597,0,-1
1900-03-17 16:16:01.319,1702,1815,I,WindowManager: Destroying surface Surface(name=InputMethod) called by com.android.server.wm.WindowStateAnimator.destroySurface:2060 com.android.server.wm.WindowStateAnimator.destroySurfaceLocked:913 com.android.server.wm.WindowState.destroyOrSaveSurface:2201 com.android.server.wm.WindowSurfacePlacer.performSurfacePlacementInner:517 com.android.server.wm.WindowSurfacePlacer.performSurfacePlacementLoop:291 com.android.server.wm.WindowSurfacePlacer.performSurfacePlacement:233 com.android.server.wm.WindowManagerService$H.handleMessage:8670 android.os.Handler.dispatchMessage:105 ,581,0,-1
1900-03-17 16:16:04.189,2227,2227,I,PanelView: closeQs,18,0,-1
1900-03-17 16:16:04.190,2227,2227,I,PanelView: instantCollapse,26,0,-1
1900-03-17 16:16:04.291,1702,17632,I,"WindowManager: Taking screenshot from Surface with crop:[Rect(0, 48 - 720, 1208)], width:[432], height:[696], minLayer:[21000], maxLayer:[21080], inRotation:[false], rot:[0]",173,0,-1
1900-03-17 16:16:04.408,2227,2227,I,"PhoneStatusBar: setSystemUiVisibility vis=708 mask=ffffffff oldVal=40000500 newVal=708 diff=40000208 fullscreenStackVis=0 dockedStackVis=0, fullscreenStackBounds=Rect(0, 0 - 720, 1280), dockedStackBounds=Rect(0, 0 - 0, 0)",221,0,-1
1900-03-17 16:16:04.459,1702,2633,D,"ActivityManager: Skipping, withExcluded: false, tr.intent:Intent { flg=0x10804000 cmp=com.android.systemui/.recents.RecentsActivity bnds=[264,444][920,908] }",157,0,-1
1900-03-17 16:16:04.459,1702,2633,D,"ActivityManager: Skipping, withExcluded: false, tr.intent:Intent { act=android.intent.action.MAIN flg=0x10840000 cmp=com.android.incallui/.InCallActivity (has extras) }",168,0,-1
1900-03-17 16:16:04.459,1702,2633,D,"ActivityManager: Skipping, withExcluded: false, tr.intent:Intent { flg=0x18800000 cmp=com.tencent.mm/.plugin.base.stub.WXEntryActivity (has extras) }",149,0,-1
1900-03-17 16:16:04.459,1702,2633,D,"ActivityManager: Skipping, withExcluded: false, tr.intent:Intent { flg=0x10800000 cmp=com.tencent.qqmusic/.business.lockscreen.LockScreenActivity (has extras) }",160,0,-1
1900-03-17 16:16:04.459,1702,2633,D,"ActivityManager: Skipping, withExcluded: false, tr.intent:Intent { act=com.android.contacts.action.CHOOSE_SUB dat=tel:xxxxxxxxxxx flg=0x10808000 cmp=com.android.contacts/.ChooseSubActivity (has extras) }",203,0,-1
1900-03-17 16:16:04.459,1702,2633,D,"ActivityManager: Skipping, withExcluded: false, tr.intent:Intent { act=android.intent.action.VIEW dat=file:///storage/emulated/0/Tencent/QQfile_recv/b.apk typ=application/vnd.android.package-archive flg=0x10800000 cmp=com.android.packageinstaller/.PackageInstallerActivity (has extras) }",287,0,-1
1900-03-17 16:16:04.476,1702,3694,D,"ActivityManager: Skipping, withExcluded: false, tr.intent:Intent { flg=0x10804000 cmp=com.android.systemui/.recents.RecentsActivity bnds=[264,444][920,908] }",157,0,-1
1900-03-17 16:16:04.476,1702,3694,D,"ActivityManager: Skipping, withExcluded: false, tr.intent:Intent { act=android.intent.action.MAIN flg=0x10840000 cmp=com.android.incallui/.InCallActivity (has extras) }",168,0,-1
1900-03-17 16:16:04.476,1702,3694,D,"ActivityManager: Skipping, withExcluded: false, tr.intent:Intent { flg=0x18800000 cmp=com.tencent.mm/.plugin.base.stub.WXEntryActivity (has extras) }",149,0,-1
1900-03-17 16:16:04.540,2227,2227,I,"PhoneStatusBar: setSystemUiVisibility vis=c0000700 mask=ffffffff oldVal=708 newVal=c0000700 diff=c0000008 fullscreenStackVis=0 dockedStackVis=0, fullscreenStackBounds=Rect(0, 0 - 720, 1280), dockedStackBounds=Rect(0, 0 - 0, 0)",226,0,-1
1900-03-17 16:16:04.598,1702,2644,I,NotificationManager: enqueueNotificationInternal: pkg=com.tencent.mm id=4097 notification=Notification(pri=1 contentView=null vibrate=[] sound=null tick defaults=0x0 flags=0x101 color=0x00000000 category=msg vis=PRIVATE),220,0,-1
1900-03-17 16:16:04.816,1702,8303,I,WindowManager: Destroying surface Surface(name=com.tencent.mobileqq/com.tencent.mobileqq.activity.SplashActivity) called by com.android.server.wm.WindowStateAnimator.destroySurface:2060 com.android.server.wm.WindowStateAnimator.destroySurfaceLocked:913 com.android.server.wm.WindowState.destroyOrSaveSurface:2201 com.android.server.wm.AppWindowToken.destroySurfaces:374 com.android.server.wm.AppWindowToken.notifyAppStopped:400 com.android.server.wm.WindowManagerService.notifyAppStopped:4869 com.android.server.am.ActivityStack.activityStoppedLocked:1393 com.android.server.am.ActivityManagerService.activityStopped:7690 ,622,0,-1
1900-03-17 16:16:06.676,2227,2227,I,"PanelView: onInterceptTouchEvent MotionEvent { action=ACTION_DOWN, actionButton=0, id[0]=0, x[0]=622.0, y[0]=86.0, toolType[0]=TOOL_TYPE_FINGER, buttonState=0, metaState=0, flags=0x0, edgeFlags=0x0, pointerCount=1, historySize=0, eventTime=261991304, downTime=261991304, deviceId=3, source=0x1002 }, mBlockTouches=false",319,0,-1
1900-03-17 16:16:06.733,2227,2227,I,"PanelView: onInterceptTouchEvent MotionEvent { action=ACTION_UP, actionButton=0, id[0]=0, x[0]=622.0, y[0]=86.0, toolType[0]=TOOL_TYPE_FINGER, buttonState=0, metaState=0, flags=0x0, edgeFlags=0x0, pointerCount=1, historySize=0, eventTime=261991368, downTime=261991304, deviceId=3, source=0x1002 }, mBlockTouches=false",317,0,-1
1900-03-17 16:16:06.759,2227,2227,I,PanelView: closeQs,18,0,-1
1900-03-17 16:16:06.761,2227,2227,I,PanelView: instantCollapse,26,0,-1
1900-03-17 16:16:06.772,1702,3137,I,ActivityManager: START u0 {flg=0x24000000 cmp=com.tencent.mm/.ui.LauncherUI (has extras)} from uid 10112 on display 0,117,0,-1
1900-03-17 16:16:06.774,2227,2227,I,"StackScrollAlgorithm: overlapAmount:220.0, previousNotificationEnd:0.0, newYTranslation:-220.0, location:4, i:0, getTopPadding:333.0, getLocationOnScreen():-553",160,0,-1
1900-03-17 16:16:06.782,2227,2227,I,PanelView: closeQs,18,0,-1
1900-03-17 16:16:06.783,2227,2227,I,PanelView: instantCollapse,26,0,-1
1900-03-17 16:16:06.784,2227,2227,I,PanelView: closeQs,18,0,-1
1900-03-17 16:16:06.785,1702,3137,W,ActivityManager: startActivity called from non-Activity context; forcing Intent.FLAG_ACTIVITY_NEW_TASK for: Intent { flg=0x24000000 cmp=com.tencent.mm/.ui.LauncherUI (has extras) },180,0,-1
1900-03-17 16:16:06.793,2227,2227,I,"StackScrollAlgorithm: overlapAmount:220.0, previousNotificationEnd:0.0, newYTranslation:-220.0, location:4, i:0, getTopPadding:333.0, getLocationOnScreen():-553",160,0,-1
1900-03-17 16:16:06.872,1702,2639,E,ActivityManager: applyOptionsLocked: Unknown animationType=0,60,1,-1
1900-03-17 16:16:07.070,1702,8671,D,"ActivityManager: Skipping, withExcluded: false, tr.intent:Intent { flg=0x10804000 cmp=com.android.systemui/.recents.RecentsActivity bnds=[264,444][920,908] }",157,0,-1
1900-03-17 16:16:07.070,1702,8671,D,"ActivityManager: Skipping, withExcluded: false, tr.intent:Intent { act=android.intent.action.MAIN flg=0x10840000 cmp=com.android.incallui/.InCallActivity (has extras) }",168,0,-1
1900-03-17 16:16:07.070,1702,8671,D,"ActivityManager: Skipping, withExcluded: false, tr.intent:Intent { flg=0x18800000 cmp=com.tencent.mm/.plugin.base.stub.WXEntryActivity (has extras) }",149,0,-1
1900-03-17 16:16:07.070,1702,8671,D,"ActivityManager: Skipping, withExcluded: false, tr.intent:Intent { flg=0x10800000 cmp=com.tencent.qqmusic/.business.lockscreen.LockScreenActivity (has extras) }",160,0,-1
1900-03-17 16:16:07.070,1702,8671,D,"ActivityManager: Skipping, withExcluded: false, tr.intent:Intent { act=com.android.contacts.action.CHOOSE_SUB dat=tel:xxxxxxxxxxx flg=0x10808000 cmp=com.android.contacts/.ChooseSubActivity (has extras) }",203,0,-1
1900-03-17 16:16:07.071,1702,8671,D,"ActivityManager: Skipping, withExcluded: false, tr.intent:Intent { act=android.intent.action.VIEW dat=file:///storage/emulated/0/Tencent/QQfile_recv/b.apk typ=application/vnd.android.package-archive flg=0x10800000 cmp=com.android.packageinstaller/.PackageInstallerActivity (has extras) }",287,0,-1
1900-03-17 16:16:07.084,1702,3694,D,"ActivityManager: Skipping, withExcluded: false, tr.intent:Intent { flg=0x10804000 cmp=com.android.systemui/.recents.RecentsActivity bnds=[264,444][920,908] }",157,0,-1
1900-03-17 16:16:07.084,1702,3694,D,"ActivityManager: Skipping, withExcluded: false, tr.intent:Intent { act=android.intent.action.MAIN flg=0x10840000 cmp=com.android.incallui/.InCallActivity (has extras) }",168,0,-1
1900-03-17 16:16:07.084,1702,3694,D,"ActivityManager: Skipping, withExcluded: false, tr.intent:Intent { flg=0x18800000 cmp=com.tencent.mm/.plugin.base.stub.WXEntryActivity (has extras) }",149,0,-1
